https://www.reuters.com/article/us-gm-fiat-chrysler-lawsuit/federal-judge-throws-out-gms-racketeering-lawsuit-against-fiat-chrysler-idUSKBN24930S,"[""Federal judge throws out GM's racketeering lawsuit against Fiat Chrysler""]","['July 8, 2020 /  7:37 PM / 2 days ago']","['DETROIT (Reuters) - A federal judge on Wednesday threw out a racketeering lawsuit General Motors Co had filed against smaller rival Fiat Chrysler Automobiles NV, saying the No. 1 U.S. automaker’s alleged injuries were not caused by FCA’s alleged violations. ', 'GM officials said in statement they “strongly disagree” with the order by U.S. District Court Judge Paul Borman, whom the automaker had sought to have removed from the case, and would appeal. ', '“There is more than enough evidence from the guilty pleas of former FCA executives to conclude that the company engaged in racketeering, our complaint was timely and showed in detail how their multi-million dollar bribes caused direct harm to GM,” GM said in a statement.  ', 'The Detroit company added that Borman’s decision “would let wrongdoers off the hook.” ', 'GM filed the racketeering lawsuit against FCA last November, alleging its rival bribed United Auto Workers (UAW) union officials over many years to corrupt the bargaining process and gain advantages, costing GM billions of dollars. GM was seeking “substantial damages” that one analyst said could have totaled at least $6 billion. FCA had called the case meritless and asked Borman to dismiss it.     ', 'On Wednesday, Borman dismissed the lawsuit “with prejudice,” meaning GM cannot refile the complaint. ', '“The direct victims of defendants’ alleged bribery scheme are FCA’s workers,” Borman wrote of FCA. “GM’s high labor costs were not an injury proximately caused by FCA’s bribes, and any competitive injury that GM suffered as a result of FCA’s advantage in labor costs is an indirect injury.” ', '“The dismissal of GM’s complaint with prejudice earlier today vindicates our position,” FCA said in a statement. ', 'On Monday, the Sixth U.S. Circuit Court of Appeals denied GM’s petition to remove Borman from the case, but said the two automakers’ chief executives didn’t have to meet to try to settle the case as Borman had ordered. In calling for that, Borman had called the lawsuit “a waste of time and resources.” ', 'Reporting by Ben Klayman; Editing by Chizu Nomiyama and Jonathan Oatis']"
https://www.reuters.com/article/usa-autos-sales/fiat-chrysler-quarterly-u-s-auto-sales-slump-39-idUSL4N2E83GL,['Fiat Chrysler quarterly U.S. auto sales slump 39%'],"['July 1, 2020 /  1:31 PM / 9 days ago']","['July 1 (Reuters) - Fiat Chrysler Automobiles NV reported a 39% drop in U.S. sales in the second quarter, hit by lower demand for its Jeep and Dodge sport utility vehicles and Ram pick-up trucks due to the coronavirus crisis. ', 'The company said it sold 367,086 vehicles in the quarter, compared with 597,685 units a year earlier. (Reporting by Ankit Ajmera and Sanjana Shivdas in Bengaluru; Editing by Shinjini Ganguli)']"
https://www.reuters.com/article/gm-fiat-chrysler-appeal/gm-seeks-u-s-appeals-court-ruling-to-continue-legal-fight-with-fiat-chrysler-idUSL1N2E31EZ,['GM seeks U.S. appeals court ruling to continue legal fight with Fiat Chrysler'],"['June 26, 2020 /  8:52 PM / 14 days ago']","['DETROIT, June 26 (Reuters) - General Motors Co on Friday asked a U.S. appeals court to allow it to continue pursuing its civil racketeering suit against rival Fiat Chrysler Automobiles NV , rejecting a lower court judge’s belittling of the complaint. ', 'The automaker’s filing with the Sixth Circuit Court of Appeals comes less than a week after U.S. District Court Judge Paul Borman called GM’s suit against Fiat Chrysler a “waste of time and resources” at a time when both automakers should be focused on surviving the coronavirus pandemic. ', 'Borman ordered GM Chief Executive Mary Barra and Fiat Chrysler CEO Mike Manley to meet by July 1 to negotiate a resolution. ', 'In its motion Friday, GM asked the appeals court to throw out Borman’s order and reassign the case to a different district court judge. GM in its petition called Borman’s order “unprecedented” and “a profound abuse” of judicial power. ', 'GM sued Fiat Chrysler last year, accusing the Italian-American company’s executives of bribing United Auto Workers union officials to secure labor agreements that put GM at a disadvantage. Fiat Chrysler is under investigation by the U.S. Justice Department as part of a wide-ranging probe of UAW corruption. ', 'GM’s accusations came as Fiat Chrysler and French automaker Peugeot SA were in the early stages of preparing for a merger. Fiat Chrysler has said the suit was aimed at disrupting that deal. GM has said the suit has nothing to do with the merger. ', 'In a statement, GM rejected Borman’s characterization of the suit as a “distraction” and defended its decision to press the case. ', '“We filed a lawsuit against FCA for the same reason the U.S. Department of Justice continues to investigate the company: former FCA executives admitted they conspired to use bribes to gain labor benefits, concessions and advantages. Based on the direct harm to GM these actions caused, we believe FCA must be held accountable.” (Reporting by Joe White; Editing by Tom Brown)']"
https://www.reuters.com/article/us-gm-fiat-chrysler-lawsuit/u-s-judge-orders-heads-of-gm-fca-to-try-to-resolve-gm-racketeering-lawsuit-idUSKBN23U2RJ,"['U.S. judge orders heads of GM, FCA to try to resolve GM racketeering lawsuit']","['June 23, 2020 /  4:43 PM / 17 days ago']","['DETROIT (Reuters) - A federal judge in Detroit on Tuesday ordered the chief executives of automakers General Motors Co (', ') and Fiat Chrysler Automobiles NV (FCA) (', ') (', ') to meet by July 1 to try to resolve GM’s racketeering lawsuit. ', 'U.S. District Court Judge Paul Borman called on GM CEO Mary Barra and FCA CEO Mike Manley to meet in person to try to resolve a case that could drag on for years.  ', '“What a waste of time and resources now and for the years to come in this mega-litigation if these automotive leaders and their large teams of lawyers are required to focus significant time-consuming efforts to pursue this nuclear-option lawsuit if it goes forward,” Borman said at the end of a hearing during which FCA asked the judge to dismiss GM’s lawsuit. ', 'Borman said instead, the companies need to focus on building cars and keeping people employed at a time when the coronavirus has hurt the U.S. economy and the country is also dealing with issues of racial injustice after the death of George Floyd, a Black man whose death in police custody in Minneapolis triggered worldwide protests.   ', 'GM filed the racketeering lawsuit against FCA last November, alleging its rival bribed United Auto Workers (UAW) union officials over many years to corrupt the bargaining process and gain advantages, costing GM billions of dollars. GM is seeking “substantial damages” that one analyst said could total at least $6 billion. ', 'Barra and Manley should meet, taking into account social distancing to keep them safe, to “explore and indeed reach a sensible resolution,” Borman said in the hearing, which was broadcast online. ', 'It is common for judges to order parties to try to resolve disputes out of court. But it is unusual that the chief executives of two big companies be instructed to meet face-to-face, not just to settle their differences but also to serve a greater good. ', 'A GM spokesman said the No. 1 U.S. automaker has a strong case and “we look forward to constructive dialogue with FCA consistent with the court’s order.” ', 'FCA officials said in a statement they still believe the lawsuit is meritless but acknowledged Borman’s concerns and said they “look forward to meeting to discuss them and ideally put this matter behind us.” ', 'Borman said he wanted to hear from Barra and Manley personally at noon on July 1 to provide him with results from their discussion.  ', 'FCA shares in New York were up 6.1% at $10.24 and GM shares down 1 cent at $26.36 late on Tuesday afternoon. ', 'Reporting by Ben Klayman in Detroit; Additional reporting by Jonathan Stempel in New York; Editing by Chizu Nomiyama and Matthew Lewis']"
https://www.reuters.com/article/us-gm-fiat-chrysler-appeal/gm-seeks-u-s-appeals-court-ruling-to-continue-legal-fight-with-fiat-chrysler-idUSKBN23X2SR,['GM seeks U.S. appeals court ruling to continue legal fight with Fiat Chrysler'],"['June 26, 2020 /  8:56 PM / 14 days ago']","['DETROIT (Reuters) - General Motors Co on Friday asked a U.S. appeals court to allow it to continue pursuing its civil racketeering suit against rival Fiat Chrysler Automobiles NV, rejecting a lower court judge’s belittling of the complaint. ', 'The automaker’s filing with the Sixth Circuit Court of Appeals comes less than a week after U.S. District Court Judge Paul Borman called GM’s suit against Fiat Chrysler a “waste of time and resources” at a time when both automakers should be focused on surviving the coronavirus pandemic. ', 'Borman ordered GM Chief Executive Mary Barra and Fiat Chrysler CEO Mike Manley to meet by July 1 to negotiate a resolution. ', '“As we have said from the date this lawsuit was filed, it is meritless,” FCA said on Friday. ', '“FCA will continue to defend itself vigorously and pursue all available remedies in response to GM’s groundless lawsuit. We stand ready to comply with Judge Borman’s order,” it added.  ', 'In its motion, GM asked the appeals court to throw out Borman’s order and reassign the case to a different district court judge. It called Borman’s order “unprecedented” and “a profound abuse” of judicial power. ', 'GM sued Fiat Chrysler last year, accusing the Italian-American company’s executives of bribing United Auto Workers union officials to secure labor agreements that put GM at a disadvantage. Fiat Chrysler is under investigation by the U.S. Justice Department as part of a wide-ranging probe of UAW corruption.  ', 'GM’s accusations came as Fiat Chrysler and French automaker Peugeot SA were in the early stages of preparing for a merger. Fiat Chrysler has said the suit was aimed at disrupting that deal. GM has said the suit has nothing to do with the merger. ', 'In a statement, GM rejected Borman’s characterization of the suit as a “distraction” and defended its decision to press the case. ', '“We filed a lawsuit against FCA for the same reason the U.S. Department of Justice continues to investigate the company: former FCA executives admitted they conspired to use bribes to gain labor benefits, concessions and advantages. Based on the direct harm to GM these actions caused, we believe FCA must be held accountable.” ', 'Reporting by Joe White, additional reporting by Ben Klayman and Rama Venkat; Editing by Tom Brown and Maju Samuel']"
https://www.reuters.com/article/us-fiat-chrysler-m-a-psa/fiat-psa-stick-to-merger-deal-after-dividend-cut-report-idUSKBN2440KT,"['Fiat, PSA stick to merger deal after dividend cut report']","['July 3, 2020 /  6:12 AM / 7 days ago']","['MILAN (Reuters) - Fiat Chrysler (FCA) and PSA said on Friday they were sticking to the merger plan signed last year after a newspaper said the carmakers were looking at spinning off assets to cut a planned 5.5 billion euro ($6.2 billion) cash payout to FCA shareholders.      ', 'A spokesman for FCA (', ') dismissed the report on possible changes to the dividend in Italian business daily Il Sole 24 Ore, while PSA (', ') said it remained “lucid in the face of the regular speculations to which this merger project is subject”. It added it was implementing the binding agreement signed by the two companies in December. ', '“The structure and terms of the merger are agreed and remain unchanged,” the FCA (', ') spokesman said. ', 'Italian-American group FCA and France’s PSA plan to finalise their merger by the first quarter of next year. ', 'Il Sole said FCA could conserve cash by handing shareholders assets in place of the special dividend, which has drawn criticism in Italy after the company agreed a 6.3 billion euro state-backed loan to help it through the coronavirus crisis. ', 'Il Sole said talks were at a very early stage and no decision had been taken, adding the aim was to keep the 5.5 billion euro value of the special dividend but to turn it from cash to assets. ', 'Accepting the state-backed loan may not legally bar FCA from paying the dividend, as it is not due until 2021 and would be paid by Dutch parent company Fiat Chrysler Automobiles NV. However, Italian politicians have questioned the appropriateness of such a large cash payout during the crisis.   ', 'Options being considered include spinning off the Sevel van business, a 50-50 joint venture between the two groups, which could be valued at between 2.5 and 3 billion euros, or FCA’s Alfa Romeo and Maserati brands, Il Sole said. ', 'Spinning off Sevel could help address European Union concerns about competition in the van segment, but Il Sole said the option looked complicated as it would require PSA to transfer its 50% stake in the unit to FCA. ', 'Another option is scrapping a planned spin-off of PSA’s controlling stake in parts maker Faurecia, Il Sole said. ', 'A source close to the matter said PSA could instead sell its Faurecia (', ') stake before the merger and keep the cash proceeds in the merged company. ', 'Additional reporting by Gilles Guillaume and Sarah White in Paris; Editing by Alexander Smith and Mark Potter']"
https://www.reuters.com/article/usa-autos-sales/update-1-fiat-chrysler-hyundai-quarterly-u-s-auto-sales-slump-on-virus-hit-idUSL4N2E83H9,"['UPDATE 1-Fiat Chrysler, Hyundai quarterly U.S. auto sales slump on virus hit']","['July 1, 2020 /  2:18 PM / 9 days ago']","['(Adds Hyundai’s quarterly numbers) ', 'July 1 (Reuters) - Fiat Chrysler Automobiles NV and Hyundai Motor Co on Wednesday reported a sharp decline in quarterly U.S. auto sales, as the COVID-19 crisis sapped auto demand across the country. ', 'Analysts say the second quarter is expected to see the biggest contraction in auto sales this year, as pandemic-led lockdown restrictions and job losses kept consumers at bay. ', 'Fiat Chrysler reported a 39% slump in U.S. sales to 367,086 vehicles in the second quarter, hit by lower demand for its Jeep and Dodge sport utility vehicles and Ram pick-up trucks. ', 'Hyundai said U.S sales fell 24% to 141,722 vehicles. ', 'Analysts expect the auto market to recover gradually in the following quarters, supported partly by lucrative discounts from automakers desperate to boost sales volume. ', '“Retail sales have been rebounding since April as the reopening of the economy, steady gas prices, and access to low interest loans spur people to buy,” said Jeff Kommor, Fiat’s head of U.S. sales. ', 'Auto consultants J.D. Power and LMC Automotive estimate U.S. vehicle sales fell about 25% to 1.09 million units in June, slowing from an over 40% plunge in April and a 29% decline in May. (Reporting by Ankit Ajmera and Sanjana Shivdas in Bengaluru; Editing by Shinjini Ganguli)']"
https://www.reuters.com/article/us-health-coronavirus-fca-loan/fca-moves-closer-to-state-guarantee-for-7-1-billion-loan-source-idUSKBN23O2CM,['FCA moves closer to state guarantee for $7.1 billion loan: source'],"['June 17, 2020 /  2:28 PM / 23 days ago']","['ROME (Reuters) - Italy’s Treasury has taken a further step towards approving a state guarantee for a 6.3 billion euro ($7.1 billion) loan for Fiat Chrysler’s (', ') Italian unit, a government source told Reuters on Wednesday. ', 'The request for state support on such a large loan sparked controversy in Italy as Fiat Chrysler (FCA) is legally headquartered in the Netherlands. It is also due to pay its shareholders a 5.5 billion euro special dividend as part of a planned merger with French automaker PSA (', '). ', 'FCA has said it asked for state support to help its domestic unit weather the crisis triggered by the COVID-19 pandemic. ', 'Italy’s state auditor has approved the guarantee, but it still needs to be signed off by Economy Minister Roberto Gualtieri and given the green light by the country’s accounting court, the source told Reuters, asking not to be named. ', 'Both the Treasury and FCA declined to comment. ', 'The loan has been already approved by Italy’s largest commercial bank Intesa San Paolo (', '), which will fund it, and by export credit agency SACE, through which the guarantee will be provided. ', 'The loan is part of more than 400 billion euros Rome hopes to make available this year to support Italian companies, hit by one of the world’s deadliest coronavirus outbreaks. ', 'Italian firms tapping state guarantees must refrain from paying dividends this year, while the Treasury reserves the right to ask for additional requirements. ', 'Gualtieri said earlier this month that FCA would have to meet commitments on investments and jobs and would face sanctions if it failed to achieve them. ', 'The source declined to say whether the Treasury will impose conditions affecting FCA’s extraordinary dividend. ', 'As things stand, the state-backed loan should not legally bar FCA from distributing the extraordinary dividend, as the payment is not due until 2021 and would be made by its parent company Fiat Chrysler Automobiles NV in the Netherlands. ', 'Reporting by Giuseppe Fonte; Additional reporting by Giulio Piovaccari; Editing by Catherine Evans']"
https://www.reuters.com/article/us-gm-fiat-chrysler-appeal/u-s-appeals-court-stays-order-requiring-gm-fca-meet-to-resolve-gm-lawsuit-idUSKBN2402A1,"['U.S. appeals court stays order requiring GM, FCA meet to resolve GM lawsuit']","['June 29, 2020 /  4:28 PM / 11 days ago']","['DETROIT (Reuters) - A U.S. appeals court on Monday stayed a lower court’s order requiring officials from General Motors Co (', ') and Fiat Chrysler Automobiles (', ')(', ') to resolve GM’s racketeering lawsuit. ', '“In order to provide sufficient time to consider the matters raised in GM’s petition, and having considered the relevant factors, we conclude that a temporary stay is appropriate,” the Sixth Circuit Court of Appeals said in a court filing. ', 'GM said in a statement it looked forward to the appeals court’s review and decision.  ', 'FCA in a statement reiterated GM’s lawsuit was meritless and in a filing called on the appeals court to deny GM’s request to reassign the case to a new judge. ', 'On Friday, GM asked a U.S. appeals court to allow it to continue pursuing its civil racketeering lawsuit against FCA, rejecting U.S. District Court Judge Paul Borman’s belittling of the complaint. The No. 1 U.S. automaker called Borman’s order “unprecedented” and “a profound abuse” of judicial power. ', 'GM’s appeal came less than a week after Borman called its lawsuit a “waste of time and resources” at a time when both automakers should be focused on surviving the coronavirus pandemic. ', 'Borman ordered GM Chief Executive Mary Barra and FCA CEO Mike Manley to meet by July 1 to negotiate a resolution, and later amended his order to allow other officials in their place. On Monday, Borman said in an order that the July 1 call would simply entail the executives answering “yes” or “no” on whether the case had been resolved. ', 'Judges routinely call for parties to explore settlements and GM simply wasn’t happy with some of Borman’s questions in the last hearing, FCA said in its Monday filing. ', 'Removing Borman would be “a direct affront to the rule of law” FCA said in the filing. “GM’s ‘bruised feelings’ about facing tough questions cannot be a valid basis for replacing the judge.”  ', 'GM sued FCA last year, accusing the Italian-American company’s executives of bribing United Auto Workers union officials to secure labor agreements that put GM at a disadvantage. FCA is under investigation by the U.S. Justice Department as part of a wide-ranging probe of UAW corruption. ', 'GM’s accusations came as FCA and French automaker Peugeot SA (', ') were in the early stages of preparing for a merger. FCA has said the suit was aimed at disrupting that deal. GM has said the suit has nothing to do with the merger. ', 'Reporting by Ben Klayman, Editing by Franklin Paul and Aurora Ellis']"
https://www.reuters.com/article/us-health-coronavirus-fiat-chrysler/fiat-chrysler-to-start-three-italian-sites-immediately-after-lockdown-ends-union-idUSKBN21K24Y,['Fiat Chrysler to start three Italian sites immediately after lockdown ends: union'],"['April 2, 2020 /  2:06 PM / 3 months ago']","['MILAN (Reuters) - Fiat Chrysler (', ') aims to restart operations at three Italian sites as soon as the government lifts coronavirus restrictions on manufacturing, a union representative said on Thursday, adding unions would monitor health precautions. ', 'Despite Italy’s lowest death toll from coronavirus in six days on Wednesday, Prime Minister Giuseppe Conte said a national lockdown in place since March 9, and due to expire on Friday,  would be extended until at least April 13. ', 'The lockdown measures include a freeze on all non-essential economic activity, including car production. ', 'Gianluca Ficco, a representative of the UILM metal workers’ union, said unions had started talks with Fiat Chrysler (FCA) to make sure all health and security requirements were met in factories, with a view to resuming operations after the lockdown. ', '“At the moment the date we’re looking at is April 14,” he said. ', 'The sites would be the assembly lines for Jeep’s Compass and new hybrid models in Melfi in southern Italy; Atessa’s plant making light commercial vehicles in central Italy; and preparatory operations for the new electric 500 in Turin’s Mirafiori factory, he said. ', 'A spokesman for FCA confirmed on Thursday that, if the government allowed production to restart after April 13, those three operations would be the group’s priority.     ', 'Last week, before the national lockdown was extended, the carmaker had told unions it would have been ready to resume the same three operations on April 6 if the government had given its go-ahead. ', 'Reporting by Giulio Piovaccari; Editing by Mark Potter']"
https://www.reuters.com/article/brief-competition-commission-of-india-ap/brief-competition-commission-of-india-approves-proposed-peugeot-fiat-chrysler-merger-idUSFWN2DH0EC,['BRIEF-Competition Commission Of India Approves Proposed Peugeot-Fiat Chrysler Merger'],"['June 4, 2020 /  11:25 AM / a month ago']","['June 4 (Reuters) - Competition Commission of India: ', '* COMPETITION COMMISSION OF INDIA APPROVES PROPOSED MERGER BETWEEN PEUGEOT S.A AND FIAT CHRYSLER AUTOMOBILES N.V. - TWEET Source text: (', ') Further company coverage:']"
https://www.reuters.com/article/us-health-coranavirus-fiat-chrysler-vent/fiat-chrysler-starts-ventilator-component-output-in-italy-idUSKBN21L1FA,['Fiat Chrysler starts ventilator component output in Italy'],"['April 3, 2020 /  10:16 AM / 3 months ago']","['MILAN (Reuters) - Fiat Chrysler (FCA) (', ') (', ') has begun producing  ventilator parts to help Italy’s Siare Engineering boost its output of the medical equipment needed to treat patients during the coronavirus crisis, the carmaker said on Friday. ', 'Carmakers around the world are ramping up production of critical healthcare products and machines to respond to the enormous demand during the pandemic. ', 'Italy, the epicenter of the virus outbreak in Europe, had asked Siare to triple its normal monthly production as a part of government efforts to increase the number of intensive care beds. ', 'FCA said that with the support of luxury group Ferrari (', ') and holding company Exor (', '), which controls both carmakers, it had produced the first electrovalves, a key part in ventilators, at its plant in Cento, in northern Italy. ', 'The Cento plant is usually used to produces high-performance car engines for the global market. It had been closed because of the coronavirus but has partially reopened for this project. ', '“With the additional supply of electrovalves from Cento, Siare estimates that it will be able to reduce total production time for ventilators by as much as 30-50%”, the statement said. ', 'In addition to the production of the electrovalves, a team of specialists from FCA is also working alongside Siare staff at their production facility near the city of Bologna. ', '“The objective is to help increase Siare’s total production, with a gradual scaling up of daily output beginning from the first week of April”, FCA said. ', 'Reporting by Elvira Pollina and Agnieszka Flak; Editing by Keith Weir']"
https://www.reuters.com/article/us-gm-fiat-chrysler-appeal/u-s-appeals-court-rejects-gms-call-to-remove-judge-from-fiat-chrysler-lawsuit-idUSKBN2480C1,"[""U.S. appeals court rejects GM's call to remove judge from Fiat Chrysler lawsuit""]","['July 7, 2020 /  3:14 AM / 3 days ago']","['(Reuters) - A U.S. appeals court on Monday denied General Motors Co’s petition to remove a lower court judge from its racketeering lawsuit against Fiat Chrysler Automobiles (FCA), but said the companies’ heads need not meet to settle the issue. ', 'The Sixth U.S. Circuit Court of Appeals said U.S. District Judge Paul Borman abused his discretion by requiring GM CEO Mary Barra and FCA’s head, Mike Manley, to meet face-to-face for reasons unrelated to the case, and without taking into account the risks of travel during the COVID-19 pandemic. ', 'The district judge’s order for the parties to report back to the court in only eight days was also unwarranted, the appeals court said. Borman in June ordered Barra and Manley to meet by July 1, and later amended his order to allow other officials in their place. ', '“We do not mean to say, however, that the district judge may not order a pretrial settlement conference and/or mediation in the normal course,” the appeals court said in a filing.  ', 'The court in June stayed Borman’s order requiring officials from the two firms to resolve the lawsuit, and on Monday rejected GM’s request for a new judge to oversee the case, saying Borman’s desire for a quick settlement was “not so extreme” that he needed to be replaced.  ', 'GM said in a statement it was grateful that the court had quickly reviewed and granted its petition for a writ of mandamus. However, the company did not comment on the rejection of its request to reassign the case to another judge. ', 'GM sued FCA last year, accusing the Italian-American company’s executives of bribing United Auto Workers union officials to secure labor agreements that put GM at a disadvantage.  ', 'Reporting by Dania Nadeem in Bengaluru; Editing by Devika Syamnath']"
https://www.reuters.com/article/us-health-coronavirus-fiat-chrysler-agm/fiat-chrysler-postpones-shareholders-meeting-and-resolution-on-dividend-to-late-june-idUSKBN21L37T,"[""Fiat Chrysler postpones shareholders' meeting and resolution on dividend to late June""]","['April 3, 2020 /  9:27 PM / 3 months ago']","['MILAN (Reuters) - Fiat Chrysler (', ') said on Friday it decided to postpone to late June its shareholders’ meeting scheduled for April 16, as a consequence of the continuing coronavirus emergency. ', 'Fiat Chrysler (FCA) said in a statement that the decision on its shareholders’ meeting would result in the postponement of a resolution on the automaker’s planned 1.1 billion euro ($1.2 billion) ordinary dividend on last year’s results. ', '“The new date for the AGM will be announced as soon as practicable,” FCA said. ', 'On Thursday Peugeot owner PSA (', '), which has signed a binding merger deal with FCA to create the world’s fourth largest carmaker, also said it postponed its annual shareholders’ meeting from May 14 to June 25. ', '($1 = 0.9254 euros) ', '($1 = 0.9254 euros) ', 'Reporting by Giulio Piovaccari; Editing by Sandra Maler']"
https://www.reuters.com/article/us-health-coronavirus-fiatchrysler-loan/italy-approves-guarantees-for-7-1-billion-loan-to-fiat-chrysler-idUSKBN23V17B,['Italy approves guarantees for $7.1 billion loan to Fiat Chrysler'],"['June 24, 2020 /  8:46 AM / 16 days ago']","['ROME (Reuters) - Italy has approved a decree offering state guarantees for a 6.3-billion euro ($7.1 billion) loan to Fiat Chrysler’s (FCA) (', ') Italian unit, the Treasury said on Wednesday, paving the way for the largest crisis loan to a European carmaker. ', 'The formal announcement follows an endorsement by the country’s audit court and brings to an end a lengthy approval procedure for the loan, which has drawn criticism in Italy. ', 'By providing state support, Rome “aims to preserve and strengthen the Italian automotive supply chain,” Economy Minister Roberto Gualtieri said in a statement. ', 'FCA’s Italian division has tapped Rome’s COVID-19 emergency financing schemes to secure a state-backed, three-year facility to help it weather the crisis triggered by the coronavirus pandemic. The aid will also help Italy’s broader car sector, in which about 10,000 businesses operate.  ', '“100% of the money this facility provides will be directed to our Italian business ... as we continue a transformative shift to a new electric and hybrid powered future,” said Pietro Gorlier, FCA’s chief operating officer for Europe, the Middle East and Africa. ', 'The loan will be disbursed by Italy’s biggest retail bank Intesa Sanpaolo (', '), which has already authorised it pending the approval of guarantees the government will provide on 80% of the sum through export credit agency SACE. ', 'The request for state support sparked controversy because FCA is working to merge with French rival PSA (', ') and the holding company for the Italian-American carmaker is registered in the Netherlands. FCA’s global brands include Fiat, Jeep, Dodge and Maserati. ', 'Gualtieri said FCA would have to meet commitments on investments and jobs, but declined to say whether the Treasury had imposed conditions affecting FCA’s planned 5.5 billion euro extraordinary dividend, a key element in the merger with PSA. ', 'Italian politicians have called the dividend into question,  although it should be compatible with the terms of the financing, because it is not due until 2021 and would be paid by FCA Italy’s Dutch parent company, Fiat Chrysler Automobiles NV. ', 'Reporting by Giuseppe Fonte; additional reporting by Ankit Ajmera in Bengaluru; Editing by Alex Richardson, Mark Potter and Maju Samuel']"
https://www.reuters.com/article/us-fiat-chrysler-credit/fiat-chrysler-draws-down-on-6-25-billion-euro-credit-facility-idUSKCN2233C1,['Fiat Chrysler draws down on 6.25 billion euro credit facility'],"['April 21, 2020 /  10:38 PM / 3 months ago']","['(Reuters) - Fiat Chrysler Automobiles N.V. (', ') (', ') said on Tuesday it had drawn down on a 6.25 billion euro ($6.79 billion) credit line to buffer its cash reserves during the uncertainty around the coronavirus health crisis. ', 'The funds from the revolving credit facility, originally signed in June 2015, add to the 1.5 billion euros Fiat Chrysler has drawn down from other credit lines. ', 'The outbreak has pummeled vehicle sales and production for automakers across the world, forcing many to take out multi-billion dollar loans to ride out what is likely to be a deep global recession. ', 'Ford Motor Co (', ') has drawn down over $15 billion from revolving credit lines and last week raised $8 billion from corporate debt investors to shore up its cash. ', 'General Motors Co (', ') has entered into a 364-day revolving credit agreement of $1.95 billion, which the company said will be exclusively used by its financial services business. ', 'Earlier this month Fiat Chrysler said it had agreed to a  new 3.5 bln euro credit facility with two banks, which remains undrawn. ', '($1 = 0.9211 euros) ', 'Reporting by Uday Sampath in Bengaluru; Editing by Bernard Orr']"
https://www.reuters.com/article/us-health-coronavirus-fca/fiat-chrysler-peugeot-to-withhold-2019-dividend-payout-idUSKBN22P39S,"['Fiat Chrysler, Peugeot to withhold 2019 dividend payout']","['May 13, 2020 /  9:37 PM / 2 months ago']","['(Reuters) - Shares of Fiat Chrysler (', ') and Peugeot owner PSA (', ') were down on Thursday after the two carmakers said in a coordinated move that they would not pay their planned ordinary dividend on 2019 results. ', 'Fiat Chrysler (FCA) and PSA, which have entered into a binding merger agreement to create the world’s fourth largest carmaker, said in a joint statement on Wednesday that the decision was due to the impact of the COVID-19 pandemic.  ', 'By 0750 GMT FCA shares were down 1.3%, while PSA shares were down 2.4%. ', 'Shares in Exor (', '), FCA’s top shareholder, were down by 1.9% ', 'A 1.1 billion euro ($1.19 billion) ordinary dividend for both FCA and PSA was announced in December as part of the binding tie-up agreement between the two automakers. ', 'A source close to PSA said that the withdrawal of both ordinary dividends was a safety measure to protect cash reserves as much as possible and did not change the terms of the deal as both companies agreed to the same. ', 'The coronavirus pandemic has thrown the global auto industry into the worst tailspin since the 2008-09 financial crisis. Consumer demand for vehicles has plummeted as governments across Europe and the United States have enforced lockdowns.  ', 'FCA and PSA said on Wednesday that preparations for their planned 50-50 merger were “advancing well”, including with respect to antitrust and other regulatory filings. ', 'The closing of the deal is expected on schedule, before the end of the first quarter of next year, they said.  ', 'EU antitrust regulators will decide by June 17 whether to clear the FCA-PSA $50 billion merger, according to a European Commission filing on Monday.  ', 'Reporting by Arunima Kumar in Bengaluru, Giulio Piovaccari in Milan, additional reporting by Gilles Guillaume in Paris; Editing by Shailesh Kuber and Jane Merriman']"
https://www.reuters.com/article/health-coronavirus-automakers-union/uaw-union-clears-way-for-u-s-factory-restart-after-fca-reveals-plans-idUSL1N2CN100,['UAW union clears way for U.S. factory restart after FCA reveals plans'],"['May 5, 2020 /  3:07 PM / 2 months ago']","['DETROIT, May 5 (Reuters) - The union that represents U.S. hourly workers at the Detroit automakers on Tuesday cleared the way for the companies to restart vehicle production amid the coronavirus pandemic after Fiat Chrysler Automobiles NV (FCA) said it expected to reopen its North American plants on May 18. ', '“We continue to advocate for as much testing as possible at the current time and eventually full-testing when available,” United Auto Workers union President Rory Gamble said in a statement. “As for the start date, the companies contractually make that decision and we all knew this day would come.” ', 'FCA said during its first-quarter earnings announcement that it expected to restart its North American operations on May 18. General Motors Co and Ford Motor Co have not announced restart dates, but the companies want to resume production so they can start bringing in much needed cash. (Reporting by Ben Klayman Editing by Chizu Nomiyama)']"
https://www.reuters.com/article/us-health-coronavirus-fca-loan/italian-pm-conte-says-fiat-chrysler-entitled-to-seek-state-backed-loan-idUSKBN22S0TM,['Italian PM Conte says Fiat Chrysler entitled to seek state-backed loan'],"['May 16, 2020 /  6:34 PM / 2 months ago']","['MILAN (Reuters) - Italian Prime Minister Giuseppe Conte said on Saturday that Fiat Chrysler was entitled to apply for Italy’s state-backed loans because the automaker employs thousands of people in the country, even though its legal base is located abroad. ', 'The Italian-American group confirmed on Saturday its Italian unit was working with Rome to obtain state guarantees on a 6.3-billion-euro ($6.8 billion) loan facility designed to help Italy’s automotive industry, comprised of approximately 10,000 small and medium-size businesses.  ', 'The coronavirus outbreak, which has hit Italy especially hard, slammed the brakes on demand for new vehicles and forced automakers to halt most production, burning cash. ', 'Fiat Chrysler Automobiles NV (FCA) (', ') said in a statement that talks were ongoing with lender Intesa Sanpaolo (', ') for a three-year credit facility exclusively dedicated to the group’s activities in Italy.  ', 'Asked whether FCA, which has its legal headquarters in the Netherlands, could get a loan guaranteed by the Italian government, Conte said the group qualified. ', '“We’re not talking about the parent company, we’re talking about the group’s companies in Italy, which employ thousands of people,” the prime minister said.     ', 'FCA runs several plants and research and development centres in Italy, directly employing around 55,000 people.  ', 'In addition, over 200,000 people work in Italy’s 5,500 parts suppliers and 120,000 people in car dealers and service companies, with the automotive industry accounting for 6.2% of Italy’s domestic product, FCA said. ', 'News that FCA was asking the Italian government for liquidity support had raised criticism. ', 'The ruling party PD’s deputy president, Andrea Orlando, earlier on Saturday said on Twitter that if a company asked the Italian government for sizeable financing, it had to bring back its legal base to Italy. ', 'The scheme is part of emergency measures the Italian government is making available to the country’s businesses. It offers more than 400 billion euros’ worth of liquidity and bank loans to companies hit by the pandemic. ', 'FCA said the state-backed credit facility it is seeking will have “the sole purpose of providing operational support for payments to Italian suppliers to support their liquidity and, at the same, supporting the restart of production and investment at Italian plants.” ', 'The group has gradually restarted operations in Italy since the end of April.     ', 'Reporting by Giulio Piovaccari; additional reporting by Angelo Amante; editing by Alexandra Hudson and Leslie Adler']"
https://www.reuters.com/article/us-health-coronavirus-fca-loan/fiat-chryslers-loan-request-raises-doubts-about-5-5-euro-billion-dividend-idUSKBN22V0Q2,"[""Fiat Chrysler's loan request raises doubts about 5.5 euro billion dividend""]","['May 19, 2020 /  6:55 AM / 2 months ago']","['ROME/MILAN (Reuters) - Italy could look into Fiat Chrysler’s (', ') planned 5.5 billion euro ($6 billion) payout as part of its merger with Peugeot after the Italian-American carmaker asked for a 6.3 billion euro state-backed loan, a senior government source said. ', 'The possible payment of such a large dividend at a time the coronavirus crisis has left cash-starved manufacturers pushing for government financial support has sparked criticism within the ruling coalition. ', '“In the talks with the group, the special dividend is not an item being discussed at the moment. But, if you ask me whether the government will set no conditions in the near future, I’d reply that it’s too early to say,” the government source told Reuters on Tuesday.  ', 'However, the dividend is a central element affecting the overall value of the complicated 50-50 merger deal and some analysts say it could still unravel if different conditions were imposed. ', 'Fiat Chrysler (FCA) said last week its Italian division was working with the government and lender Intesa Sanpaolo (', ') to obtain 80% state guarantees on a 6.3 billion euro three-year loan facility to help weather the pandemic. ', 'The loan would be part of more than 400 billion euros Italy is making available to businesses. To qualify, companies must agree not to pay dividends this year. ', 'Taking the loan would not legally bar FCA from distributing the extraordinary dividend as the payment is not expected until 2021 and would be made by its parent company Fiat Chrysler Automobiles NV in the Netherlands. ', 'But the issue has aroused opposition among some members of the ruling coalition of the centre-left Democratic Party and the anti-establishment 5 Star Movement.  ', '“Most of us oppose the payment of the maxi-dividend by FCA,” one prominent 5 Star source told Reuters, adding that some party members were also campaigning to extend the ban on dividend payments in the loan scheme until the end of 2021. ', 'Former industry minister Carlo Calenda, who is now in opposition, also said on Twitter that FCA would not need the state-backed loan if the special dividend were not paid.  ', 'Economy Minister Roberto Gualtieri, who has said he backs the merger with PSA, said on Monday that FCA had to promise more investments in Italy and to avoid moving its factories outside the country if it wanted to apply for a state-backed loan. ', '“The government aims to preserve and strengthen Fiat’s roots in Italy, as the automotive group is about to carry out its challenging merger with PSA”, he said. ', 'FCA and Peugeot’s owner PSA (', ') last week scrapped ordinary dividend payouts on 2019 results, worth 1.1 billion euros for each company. ', 'As part of the binding merger agreement, FCA is also due to pay its shareholders the special dividend worth 5.5 billion euros just before it closes the deal with PSA, which is expected to happen in the first quarter next year.  ', 'Additional reporting by Francesca Piscioneri and Giselda Vagnoni in Rome; Writing by Giulio Piovaccari; Editing by Andrew Cawthorne and David Clarke']"
